[{"id":"6281534162316@s.whatsapp.net","uang":54031},{"id":"6281352100237@s.whatsapp.net","uang":834},{"id":"6282126046864@s.whatsapp.net","uang":17745},{"id":"6285697662826@s.whatsapp.net","uang":1114},{"id":"6281262457069@s.whatsapp.net","uang":1885},{"id":"6289647417373@s.whatsapp.net","uang":954},{"id":"62895360907411@s.whatsapp.net","uang":483},{"id":"6289601082404@s.whatsapp.net","uang":99},{"id":"6288221498673@s.whatsapp.net","uang":5482},{"id":"6289601178858@s.whatsapp.net","uang":658},{"id":"994404430707@s.whatsapp.net","uang":4227},{"id":"628998739070@s.whatsapp.net","uang":460},{"id":"6282262572982@s.whatsapp.net","uang":1240},{"id":"6282254187237@s.whatsapp.net","uang":386},{"id":"6285863725673@s.whatsapp.net","uang":98},{"id":"6282327304548@s.whatsapp.net","uang":661},{"id":"6283834642148@s.whatsapp.net","uang":944},{"id":"6282249099815@s.whatsapp.net","uang":656},{"id":"6289678025914@s.whatsapp.net","uang":285},{"id":"6285727661860@s.whatsapp.net","uang":180},{"id":"6287744373249@s.whatsapp.net","uang":5206},{"id":"6283899519042@s.whatsapp.net","uang":280},{"id":"6281585919364@s.whatsapp.net","uang":91},{"id":"6285328777139@s.whatsapp.net","uang":98},{"id":"6285797751927@s.whatsapp.net","uang":476},{"id":"6282154598322@s.whatsapp.net","uang":939},{"id":"6281211534690@s.whatsapp.net","uang":5203},{"id":"6282288173503@s.whatsapp.net","uang":282},{"id":"6283143417208@s.whatsapp.net","uang":931},{"id":"6281281853862@s.whatsapp.net","uang":557},{"id":"6285745513937@s.whatsapp.net","uang":283},{"id":"6283857811275@s.whatsapp.net","uang":1053},{"id":"6285760880871@s.whatsapp.net","uang":568},{"id":"6285742088184@s.whatsapp.net","uang":2094},{"id":"6282181515020@s.whatsapp.net","uang":665},{"id":"6281555430337@s.whatsapp.net","uang":97},{"id":"6285707656155@s.whatsapp.net","uang":1431}]